Kategori,Brand
Beauty & Personal Care,Wardah
Beauty & Personal Care,Emina
Beauty & Personal Care,Make Over
Beauty & Personal Care,Viva
Beauty & Personal Care,Purbasari
Beauty & Personal Care,Marina
Beauty & Personal Care,Citra
Beauty & Personal Care,Scarlett Whitening
Beauty & Personal Care,Mustika Ratu
Beauty & Personal Care,Sariayu
Beauty & Personal Care,Lux
Beauty & Personal Care,Pond's
Beauty & Personal Care,Dove
Beauty & Personal Care,Clear
Beauty & Personal Care,Lifebuoy
Beauty & Personal Care,Fair & Lovely
Beauty & Personal Care,Garnier
Beauty & Personal Care,Pixy
Beauty & Personal Care,Skin Aqua
Beauty & Personal Care,Biore
Beauty & Personal Care,Shinzui
Beauty & Personal Care,Azarine
Beauty & Personal Care,Herborist
Beauty & Personal Care,Somethinc
Beauty & Personal Care,Whitelab
Food & Beverages,Indomie
Food & Beverages,Mie Sedaap
Food & Beverages,Pop Mie
Food & Beverages,Chitato
Food & Beverages,Taro Snack
Food & Beverages,Tango
Food & Beverages,Good Day
Food & Beverages,ABC Kopi
Food & Beverages,Kapal Api
Food & Beverages,Torabika
Food & Beverages,Susu Bendera
Food & Beverages,Susu Dancow
Food & Beverages,Ultra Milk
Food & Beverages,Buavita
Food & Beverages,Teh Botol Sosro
Food & Beverages,Fruit Tea
Food & Beverages,Le Minerale
Food & Beverages,Aqua
Food & Beverages,Ades
Food & Beverages,Vit
Food & Beverages,You C1000
Food & Beverages,Bear Brand
Food & Beverages,Indomilk
Food & Beverages,Hydro Coco
Food & Beverages,Cimory
Fashion & Apparel,Erigo
Fashion & Apparel,3Second
Fashion & Apparel,Nevada
Fashion & Apparel,Hammer
Fashion & Apparel,Executive
Fashion & Apparel,Cotton Ink
Fashion & Apparel,Distro Ouval
Fashion & Apparel,Greenlight
Fashion & Apparel,Rider
Fashion & Apparel,GT Man
Fashion & Apparel,Cardinal
Fashion & Apparel,Lea Jeans
Fashion & Apparel,Minimal
Fashion & Apparel,Hush Puppies
Fashion & Apparel,Colorbox
Fashion & Apparel,Logo Jeans
Fashion & Apparel,Monel
Fashion & Apparel,PVRA
Fashion & Apparel,Buttonscarves
Fashion & Apparel,Noore
Fashion & Apparel,Cottonology
Fashion & Apparel,Muleshoe
Fashion & Apparel,Heymale
Fashion & Apparel,Eiger
Fashion & Apparel,Brodo
Home & Household Products,So Klin
Home & Household Products,Rinso
Home & Household Products,Daia
Home & Household Products,Bayclin
Home & Household Products,Super Pell
Home & Household Products,Mama Lemon
Home & Household Products,Sunlight
Home & Household Products,Molto
Home & Household Products,Vixal
Home & Household Products,Hit
Home & Household Products,Wipol
Home & Household Products,Soklin Pewangi
Home & Household Products,Boom
Home & Household Products,Attack
Home & Household Products,Cling
Home & Household Products,SOS
Home & Household Products,Zyrex
Home & Household Products,Ziploc
Home & Household Products,Polyfilla
Home & Household Products,Proclin
Home & Household Products,SuperMop
Home & Household Products,Nice Tissue
Home & Household Products,Tessa
Home & Household Products,Klin
Home & Household Products,Top Coffee
Electronics & Appliances,Polytron
Electronics & Appliances,Maspion
Electronics & Appliances,Miyako
Electronics & Appliances,Cosmos
Electronics & Appliances,Yong Ma
Electronics & Appliances,Sanken
Electronics & Appliances,Sharp Indonesia
Electronics & Appliances,Kirin
Electronics & Appliances,Oxone
Electronics & Appliances,Denpoo
Electronics & Appliances,Advance
Electronics & Appliances,Evercoss
Electronics & Appliances,Advan
Electronics & Appliances,Axioo
Electronics & Appliances,Vivan
Electronics & Appliances,Robotic
Electronics & Appliances,Bardi
Electronics & Appliances,Aqua Japan
Electronics & Appliances,Modena
Electronics & Appliances,MITO
Health & Wellness,Konidin
Health & Wellness,Bodrex
Health & Wellness,Panadol
Health & Wellness,Antangin
Health & Wellness,Tolak Angin
Health & Wellness,Promag
Health & Wellness,Diapet
Health & Wellness,OBH Combi
Health & Wellness,Betadine
Health & Wellness,Freshcare
Health & Wellness,Minyak Kayu Putih Cap Lang
Health & Wellness,Hansaplast
Health & Wellness,Mixagrip
Health & Wellness,Decolgen
Health & Wellness,Counterpain
Health & Wellness,Salonpas
Health & Wellness,Vicks
Health & Wellness,Neozep
Health & Wellness,Paramex
Health & Wellness,Enervon C
Automobiles & Vehicles,Aspira
Automobiles & Vehicles,Federal Oil
Automobiles & Vehicles,FDR Tire
Automobiles & Vehicles,IRC Tire
Automobiles & Vehicles,Evalube
Automobiles & Vehicles,TOP 1
Automobiles & Vehicles,KYT Helmet
Automobiles & Vehicles,INK Helmet
Automobiles & Vehicles,Yamaha Oli
Automobiles & Vehicles,Shell Advance
Automobiles & Vehicles,AHM Oil
Automobiles & Vehicles,Castrol
Automobiles & Vehicles,GS Astra
Automobiles & Vehicles,BRT
Automobiles & Vehicles,NGK Busi
Automobiles & Vehicles,Suzuki Genuine Oil
Automobiles & Vehicles,Pirelli Indonesia
Automobiles & Vehicles,Bridgestone Indonesia
Automobiles & Vehicles,Dunlop Indonesia
Automobiles & Vehicles,MOTUL
Baby & Kids,Mitu Baby
Baby & Kids,Sweety
Baby & Kids,MamyPoko
Baby & Kids,Cussons Baby
Baby & Kids,My Baby
Baby & Kids,Zoya Kids
Baby & Kids,Libby Baby
Baby & Kids,Bambi Baby
Baby & Kids,Bubba Baby
Baby & Kids,Chicco Indonesia
Baby & Kids,Pigeon Baby
Baby & Kids,BabySafe
Baby & Kids,Dr. Brown's
Baby & Kids,Philips Avent
Baby & Kids,MOOIMOM
Baby & Kids,Lusty Bunny
Baby & Kids,Little Palmerhaus
Baby & Kids,Playskool
Baby & Kids,Mothercare
Baby & Kids,Sleek Baby
Packaged & Instant Foods,Sasa
Packaged & Instant Foods,Royco
Packaged & Instant Foods,Bango
Packaged & Instant Foods,Kecap ABC
Packaged & Instant Foods,Indofood
Packaged & Instant Foods,Finna
Packaged & Instant Foods,Tropicana Slim
Packaged & Instant Foods,Blue Band
Packaged & Instant Foods,Palmia
Packaged & Instant Foods,Mamasuka
Packaged & Instant Foods,Kokita
Packaged & Instant Foods,Desaku
Packaged & Instant Foods,Kara
Packaged & Instant Foods,Ajinomoto
Packaged & Instant Foods,BonCabe
Packaged & Instant Foods,Indoeskrim
Packaged & Instant Foods,Campina
Packaged & Instant Foods,Walls
Packaged & Instant Foods,So Good
Packaged & Instant Foods,So Nice
